Timestamp,Camera_ID,Local_Track_ID,Assigned_Global_ID,Ground_Truth_ID
34.73,Cam_07,1000,1,23
51.14,Cam_11,1001,2,38
54.01,Cam_05,1002,3,36
68.51,Cam_05,1003,3,72
72.30,Cam_07,1004,4,62
79.10,Cam_06,1005,1,36
86.91,Cam_20,1006,5,60
87.42,Cam_14,1007,6,89
90.46,Cam_02,1008,7,103
90.51,Cam_02,1009,8,78
91.36,Cam_18,1010,9,98
93.35,Cam_11,1011,10,38
93.76,Cam_07,1012,4,36
94.16,Cam_04,1013,3,72
111.94,Cam_01,1014,8,78
112.66,Cam_10,1015,2,38
113.54,Cam_08,1016,4,23
117.86,Cam_15,1017,6,89
117.88,Cam_01,1018,7,123
120.01,Cam_15,1019,11,45
120.21,Cam_19,1020,12,95
125.00,Cam_19,1021,5,60
129.16,Cam_06,1022,13,62
146.26,Cam_19,1023,9,75
147.18,Cam_06,1024,13,16
148.62,Cam_05,1025,1,125
149.45,Cam_18,1026,9,127
152.30,Cam_03,1027,3,72
153.64,Cam_07,1028,4,36
163.47,Cam_18,1029,9,75
164.03,Cam_14,1030,6,102
164.10,Cam_03,1031,3,103
164.97,Cam_09,1032,2,104
165.27,Cam_20,1033,14,13
166.73,Cam_07,1034,4,36
167.79,Cam_06,1035,13,62
169.96,Cam_07,1036,4,16
173.88,Cam_11,1037,15,18
180.27,Cam_05,1038,13,21
180.99,Cam_19,1039,9,98
182.82,Cam_20,1040,5,142
183.97,Cam_07,1041,4,16
185.93,Cam_14,1042,6,89
189.16,Cam_10,1043,2,54
189.38,Cam_05,1044,13,125
189.40,Cam_10,1045,10,38
190.00,Cam_02,1046,8,78
193.00,Cam_18,1047,9,75
193.40,Cam_20,1048,5,13
194.92,Cam_08,1049,4,23
202.90,Cam_11,1050,10,38
203.52,Cam_03,1051,16,103
204.19,Cam_02,1052,7,17
204.89,Cam_02,1053,8,78
205.62,Cam_09,1054,4,104
206.82,Cam_03,1055,17,31
207.24,Cam_15,1056,6,102
211.29,Cam_03,1057,18,77
212.69,Cam_20,1058,5,98
216.97,Cam_03,1059,16,72
217.54,Cam_03,1060,7,94
221.67,Cam_06,1061,1,62
222.20,Cam_14,1062,6,102
222.66,Cam_16,1063,19,68
223.57,Cam_16,1064,11,45
224.89,Cam_01,1065,20,123
225.23,Cam_19,1066,21,95
228.21,Cam_08,1067,22,96
232.52,Cam_19,1068,9,60
233.38,Cam_20,1069,5,13
236.46,Cam_02,1070,3,72
236.61,Cam_12,1071,15,18
239.11,Cam_20,1072,5,76
242.41,Cam_18,1073,9,75
245.51,Cam_05,1074,23,33
245.83,Cam_03,1075,3,103
247.30,Cam_06,1076,24,100
248.27,Cam_07,1077,1,16
249.00,Cam_19,1078,5,142
250.10,Cam_13,1079,25,115
250.66,Cam_12,1080,10,38
255.72,Cam_10,1081,4,104
255.93,Cam_20,1082,5,60
256.27,Cam_07,1083,1,23
256.39,Cam_17,1084,9,86
257.18,Cam_01,1085,26,20
257.86,Cam_03,1086,3,135
258.79,Cam_11,1087,2,28
260.00,Cam_06,1088,13,109
260.11,Cam_05,1089,27,46
262.13,Cam_19,1090,5,127
262.45,Cam_20,1091,28,98
264.05,Cam_01,1092,26,2
268.25,Cam_19,1093,5,13
269.52,Cam_01,1094,8,72
269.71,Cam_17,1095,9,45
269.88,Cam_19,1096,28,142
269.91,Cam_18,1097,21,95
272.26,Cam_02,1098,16,103
276.76,Cam_01,1099,16,17
278.96,Cam_09,1100,4,116
279.00,Cam_13,1101,6,102
282.69,Cam_04,1102,7,94
283.99,Cam_01,1103,16,20
284.18,Cam_11,1104,10,104
285.59,Cam_11,1105,2,54
286.88,Cam_19,1106,28,98
291.73,Cam_01,1107,16,78
293.54,Cam_05,1108,13,117
295.50,Cam_03,1109,29,77
295.78,Cam_14,1110,6,89
296.43,Cam_04,1111,7,21
296.52,Cam_04,1112,3,125
299.53,Cam_04,1113,23,33
299.66,Cam_17,1114,30,56
300.32,Cam_04,1115,7,126
300.38,Cam_14,1116,31,85
301.26,Cam_11,1117,2,28
304.82,Cam_01,1118,16,2
306.65,Cam_19,1119,28,128
307.48,Cam_17,1120,30,86
308.18,Cam_02,1121,17,31
308.82,Cam_01,1122,16,123
310.20,Cam_03,1123,3,135
311.36,Cam_06,1124,1,136
313.35,Cam_14,1125,6,106
316.55,Cam_16,1126,32,68
319.07,Cam_17,1127,21,95
319.35,Cam_20,1128,5,142
319.54,Cam_11,1129,2,28
319.78,Cam_05,1130,7,125
320.55,Cam_13,1131,15,18
321.99,Cam_05,1132,23,33
323.80,Cam_02,1133,8,78
323.98,Cam_17,1134,30,56
324.06,Cam_11,1135,2,81
325.51,Cam_12,1136,25,104
329.66,Cam_03,1137,3,135
329.70,Cam_12,1138,25,54
331.27,Cam_07,1139,22,96
332.51,Cam_16,1140,32,68
333.78,Cam_18,1141,9,127
335.92,Cam_05,1142,7,12
336.70,Cam_08,1143,4,23
337.62,Cam_07,1144,1,62
337.80,Cam_16,1145,30,45
337.87,Cam_13,1146,15,18
338.29,Cam_17,1147,9,75
338.47,Cam_19,1148,5,76
340.42,Cam_14,1149,33,89
341.08,Cam_13,1150,6,43
341.26,Cam_01,1151,34,123
344.08,Cam_02,1152,26,72
344.22,Cam_06,1153,23,33
347.56,Cam_10,1154,2,116
348.09,Cam_16,1155,30,86
348.31,Cam_13,1156,31,85
348.42,Cam_05,1157,24,100
349.90,Cam_17,1158,9,75
350.53,Cam_12,1159,10,102
351.43,Cam_16,1160,21,95
353.18,Cam_05,1161,7,109
354.55,Cam_11,1162,25,8
354.84,Cam_20,1163,28,60
355.30,Cam_02,1164,26,130
355.52,Cam_06,1165,13,16
355.83,Cam_02,1166,16,17
355.88,Cam_19,1167,5,127
358.81,Cam_14,1168,35,115
359.82,Cam_18,1169,9,56
361.09,Cam_02,1170,26,2
361.21,Cam_01,1171,8,103
362.97,Cam_09,1172,4,116
366.43,Cam_13,1173,33,34
367.23,Cam_04,1174,3,21
368.97,Cam_05,1175,7,46
371.19,Cam_10,1176,36,25
372.10,Cam_15,1177,30,19
375.80,Cam_02,1178,26,123
376.46,Cam_05,1179,7,125
377.49,Cam_01,1180,17,31
379.14,Cam_04,1181,3,12
379.76,Cam_18,1182,9,98
381.11,Cam_03,1183,16,135
381.55,Cam_14,1184,6,43
383.59,Cam_12,1185,15,18
384.60,Cam_02,1186,26,103
385.01,Cam_05,1187,23,33
385.17,Cam_15,1188,37,27
385.93,Cam_19,1189,28,13
391.51,Cam_11,1190,2,102
391.96,Cam_03,1191,38,77
392.62,Cam_11,1192,36,25
394.97,Cam_03,1193,16,94
396.49,Cam_01,1194,26,20
399.43,Cam_12,1195,25,104
400.77,Cam_19,1196,28,60
403.71,Cam_13,1197,10,34
403.97,Cam_04,1198,24,100
404.28,Cam_18,1199,5,75
404.91,Cam_13,1200,6,108
409.64,Cam_07,1201,13,47
409.71,Cam_08,1202,1,62
412.17,Cam_03,1203,16,2
412.53,Cam_06,1204,7,117
412.82,Cam_04,1205,39,126
412.97,Cam_06,1206,22,96
414.39,Cam_12,1207,25,102
415.05,Cam_03,1208,3,17
416.62,Cam_09,1209,40,116
416.72,Cam_18,1210,5,76
418.22,Cam_13,1211,6,54
418.34,Cam_19,1212,9,127
418.50,Cam_04,1213,16,46
419.45,Cam_15,1214,41,106
421.88,Cam_03,1215,3,103
423.24,Cam_06,1216,7,109
423.71,Cam_20,1217,28,128
424.70,Cam_08,1218,4,47
424.96,Cam_20,1219,9,22
425.21,Cam_12,1220,25,108
426.93,Cam_09,1221,42,35
427.58,Cam_11,1222,43,81
427.64,Cam_07,1223,13,23
428.00,Cam_05,1224,16,136
428.18,Cam_16,1225,30,86
429.01,Cam_12,1226,31,85
429.43,Cam_13,1227,6,34
429.92,Cam_17,1228,44,45
429.97,Cam_12,1229,33,28
431.78,Cam_04,1230,45,100
432.24,Cam_15,1231,41,19
433.69,Cam_05,1232,16,125
434.09,Cam_19,1233,5,142
434.62,Cam_02,1234,8,78
435.00,Cam_03,1235,3,103
438.53,Cam_01,1236,46,20
439.36,Cam_09,1237,40,116
439.45,Cam_17,1238,30,86
440.24,Cam_16,1239,47,68
440.34,Cam_12,1240,33,53
440.43,Cam_08,1241,4,62
442.25,Cam_12,1242,2,104
443.48,Cam_14,1243,10,89
446.43,Cam_10,1244,36,25
447.22,Cam_03,1245,3,21
447.64,Cam_15,1246,48,27
448.66,Cam_04,1247,16,12
453.38,Cam_17,1248,30,56
453.99,Cam_11,1249,15,18
454.02,Cam_04,1250,38,77
456.92,Cam_02,1251,26,94
457.39,Cam_02,1252,46,20
458.00,Cam_03,1253,3,78
458.12,Cam_08,1254,4,23
458.61,Cam_02,1255,8,72
459.18,Cam_16,1256,47,68
460.29,Cam_03,1257,16,21
460.69,Cam_11,1258,15,28
461.53,Cam_16,1259,41,95
464.10,Cam_20,1260,5,60
464.43,Cam_13,1261,25,89
464.85,Cam_03,1262,39,126
465.96,Cam_13,1263,33,57
467.08,Cam_04,1264,16,12
467.71,Cam_02,1265,26,135
467.90,Cam_02,1266,3,149
469.30,Cam_12,1267,6,8
469.64,Cam_14,1268,33,43
470.29,Cam_20,1269,5,22
471.07,Cam_11,1270,2,55
472.08,Cam_03,1271,39,91
472.25,Cam_05,1272,7,16
472.98,Cam_14,1273,33,19
474.58,Cam_03,1274,39,130
474.67,Cam_13,1275,25,115
476.14,Cam_02,1276,17,31
476.76,Cam_14,1277,33,57
478.03,Cam_18,1278,44,75
478.55,Cam_10,1279,42,35
479.68,Cam_12,1280,15,18
480.19,Cam_19,1281,28,13
482.69,Cam_20,1282,5,128
483.25,Cam_03,1283,39,123
483.90,Cam_05,1284,22,96
486.35,Cam_15,1285,47,68
487.31,Cam_19,1286,9,127
487.88,Cam_08,1287,49,26
488.10,Cam_05,1288,7,83
488.20,Cam_08,1289,13,62
488.44,Cam_03,1290,39,103
490.60,Cam_11,1291,2,108
491.26,Cam_18,1292,44,98
493.23,Cam_02,1293,3,72
493.42,Cam_08,1294,13,23
493.88,Cam_19,1295,28,76
494.08,Cam_04,1296,16,2
494.54,Cam_19,1297,9,128
496.45,Cam_11,1298,2,79
502.34,Cam_04,1299,16,17
503.49,Cam_08,1300,13,62
503.98,Cam_20,1301,5,22
504.73,Cam_15,1302,41,95
505.59,Cam_12,1303,50,39
505.97,Cam_15,1304,10,57
509.18,Cam_15,1305,41,19
509.73,Cam_03,1306,8,46
509.97,Cam_16,1307,30,86
510.45,Cam_13,1308,6,54
510.78,Cam_04,1309,16,16
512.82,Cam_03,1310,45,100
514.08,Cam_03,1311,38,77
514.10,Cam_06,1312,7,136
515.03,Cam_20,1313,5,37
515.45,Cam_01,1314,26,149
515.64,Cam_07,1315,4,47
516.16,Cam_19,1316,44,142
516.30,Cam_09,1317,36,143
516.80,Cam_13,1318,33,53
518.00,Cam_02,1319,39,126
518.10,Cam_03,1320,8,78
518.53,Cam_11,1321,31,85
520.90,Cam_16,1322,30,45
522.21,Cam_13,1323,6,34
523.78,Cam_01,1324,46,135
523.80,Cam_06,1325,7,117
524.34,Cam_16,1326,30,19
524.61,Cam_05,1327,16,12
524.68,Cam_13,1328,33,110
525.04,Cam_04,1329,51,125
525.24,Cam_14,1330,25,106
527.09,Cam_14,1331,10,43
529.01,Cam_07,1332,4,136
530.46,Cam_15,1333,30,140
532.70,Cam_11,1334,52,102
533.54,Cam_18,1335,28,56
533.59,Cam_03,1336,8,2
534.27,Cam_07,1337,49,26
534.78,Cam_12,1338,2,28
535.11,Cam_10,1339,53,35
536.58,Cam_11,1340,52,81
537.46,Cam_17,1341,28,40
539.13,Cam_07,1342,4,109
539.90,Cam_08,1343,54,47
540.45,Cam_18,1344,9,7
541.35,Cam_19,1345,5,60
547.08,Cam_03,1346,3,122
547.67,Cam_03,1347,39,91
547.88,Cam_13,1348,50,53
548.25,Cam_18,1349,9,98
548.56,Cam_11,1350,15,8
548.68,Cam_03,1351,55,5
549.24,Cam_09,1352,13,143
549.57,Cam_11,1353,52,145
549.75,Cam_14,1354,41,15
550.28,Cam_20,1355,44,13
550.91,Cam_11,1356,2,79
551.03,Cam_12,1357,6,110
551.59,Cam_15,1358,30,86
552.08,Cam_02,1359,26,149
552.82,Cam_19,1360,5,82
553.18,Cam_09,1361,13,23
553.27,Cam_12,1362,33,81
553.50,Cam_20,1363,44,76
554.09,Cam_14,1364,48,27
554.84,Cam_11,1365,15,18
555.46,Cam_09,1366,56,25
556.29,Cam_09,1367,57,116
557.07,Cam_12,1368,6,89
557.73,Cam_17,1369,28,56
558.12,Cam_03,1370,58,77
558.74,Cam_10,1371,59,10
560.41,Cam_08,1372,54,47
561.25,Cam_02,1373,26,130
561.33,Cam_15,1374,30,45
561.84,Cam_03,1375,3,103
562.24,Cam_01,1376,60,20
562.48,Cam_18,1377,9,127
563.82,Cam_16,1378,28,19
565.81,Cam_03,1379,39,91
565.86,Cam_14,1380,41,57
566.43,Cam_07,1381,7,62
567.84,Cam_03,1382,51,125
568.06,Cam_06,1383,49,26
569.02,Cam_04,1384,55,5
570.61,Cam_15,1385,61,68
573.77,Cam_11,1386,33,55
574.59,Cam_15,1387,30,43
574.86,Cam_01,1388,26,94
575.61,Cam_03,1389,39,123
575.79,Cam_14,1390,50,115
577.47,Cam_06,1391,16,12
578.36,Cam_18,1392,9,75
578.39,Cam_06,1393,4,83
579.11,Cam_02,1394,46,21
579.67,Cam_03,1395,3,5
580.15,Cam_04,1396,45,100
582.00,Cam_10,1397,36,3
582.49,Cam_09,1398,62,93
583.23,Cam_10,1399,52,102
583.31,Cam_17,1400,28,98
584.00,Cam_12,1401,33,39
585.26,Cam_16,1402,30,69
585.95,Cam_03,1403,39,72
586.00,Cam_12,1404,2,55
587.23,Cam_02,1405,63,31
587.71,Cam_03,1406,3,16
587.96,Cam_03,1407,64,24
588.72,Cam_15,1408,10,43
590.92,Cam_09,1409,52,129
593.64,Cam_14,1410,50,74
593.68,Cam_20,1411,5,60
596.30,Cam_06,1412,22,96
596.67,Cam_10,1413,36,102
597.34,Cam_08,1414,13,47
597.56,Cam_01,1415,26,130
598.96,Cam_15,1416,10,15
599.20,Cam_10,1417,52,108
599.23,Cam_04,1418,8,2
599.43,Cam_02,1419,46,46
599.59,Cam_18,1420,9,7
600.98,Cam_19,1421,44,128
601.24,Cam_04,1422,3,122
602.07,Cam_04,1423,39,91
602.63,Cam_01,1424,26,147
603.16,Cam_20,1425,5,13
604.36,Cam_19,1426,44,76
604.42,Cam_15,1427,25,115
605.10,Cam_19,1428,9,37
606.29,Cam_14,1429,50,74
606.30,Cam_19,1430,5,63
606.97,Cam_04,1431,45,100
607.51,Cam_16,1432,28,43
608.13,Cam_10,1433,52,129
608.87,Cam_02,1434,26,71
608.92,Cam_12,1435,31,85
609.28,Cam_20,1436,5,22
609.35,Cam_01,1437,46,130
610.17,Cam_05,1438,16,17
610.21,Cam_07,1439,54,117
611.96,Cam_19,1440,44,75
612.00,Cam_09,1441,13,108
612.73,Cam_05,1442,49,26
612.87,Cam_20,1443,5,82
614.01,Cam_17,1444,30,7
614.20,Cam_02,1445,60,20
614.27,Cam_15,1446,25,140
615.01,Cam_02,1447,46,78
615.77,Cam_20,1448,5,120
615.89,Cam_18,1449,9,142
616.62,Cam_04,1450,39,103
618.03,Cam_09,1451,13,143
618.67,Cam_12,1452,65,34
620.48,Cam_10,1453,66,35
620.69,Cam_16,1454,28,69
621.54,Cam_09,1455,13,129
622.42,Cam_16,1456,10,15
624.74,Cam_18,1457,9,128
625.02,Cam_09,1458,36,25
626.00,Cam_08,1459,57,116
626.27,Cam_18,1460,30,142
627.58,Cam_17,1461,10,107
627.81,Cam_17,1462,28,40
627.81,Cam_06,1463,7,62
628.18,Cam_05,1464,55,91
628.63,Cam_19,1465,44,60
629.97,Cam_14,1466,25,54
630.92,Cam_19,1467,5,120
631.60,Cam_16,1468,28,45
632.80,Cam_10,1469,13,23
633.91,Cam_01,1470,26,71
634.24,Cam_17,1471,10,7
635.26,Cam_11,1472,33,34
635.39,Cam_02,1473,51,123
635.72,Cam_14,1474,25,53
635.78,Cam_15,1475,41,106
636.75,Cam_13,1476,2,28
637.35,Cam_07,1477,4,133
637.61,Cam_03,1478,3,126
637.67,Cam_02,1479,46,135
638.06,Cam_03,1480,63,31
639.39,Cam_03,1481,8,114
639.68,Cam_12,1482,33,110
640.67,Cam_04,1483,49,26
641.69,Cam_04,1484,16,17
643.31,Cam_04,1485,3,72
643.67,Cam_19,1486,5,13
644.79,Cam_19,1487,67,112
645.15,Cam_11,1488,52,14
645.86,Cam_16,1489,28,7
646.70,Cam_11,1490,6,55
647.55,Cam_08,1491,54,117
647.66,Cam_07,1492,4,136
648.71,Cam_16,1493,28,86
649.16,Cam_16,1494,10,115
649.22,Cam_14,1495,25,57
649.68,Cam_02,1496,46,16
651.51,Cam_09,1497,68,93
652.29,Cam_03,1498,39,149
652.55,Cam_19,1499,5,75
653.13,Cam_11,1500,59,10
653.46,Cam_18,1501,44,127
653.52,Cam_14,1502,25,59
654.30,Cam_02,1503,46,1
656.96,Cam_07,1504,4,109
657.86,Cam_11,1505,6,79
657.87,Cam_18,1506,44,56
658.20,Cam_17,1507,9,15
658.40,Cam_02,1508,58,77
659.27,Cam_01,1509,51,94
659.40,Cam_08,1510,69,61
659.47,Cam_03,1511,39,65
659.52,Cam_10,1512,15,137
660.81,Cam_05,1513,49,26
661.53,Cam_13,1514,50,81
662.20,Cam_15,1515,25,115
663.17,Cam_10,1516,15,8
663.21,Cam_12,1517,2,89
665.47,Cam_07,1518,4,119
665.79,Cam_03,1519,70,31
667.73,Cam_05,1520,7,83
668.55,Cam_12,1521,2,145
669.27,Cam_20,1522,5,82
669.45,Cam_15,1523,48,27
669.94,Cam_08,1524,4,108
671.30,Cam_04,1525,64,24
671.48,Cam_03,1526,45,100
672.36,Cam_01,1527,51,135
672.88,Cam_02,1528,26,5
673.55,Cam_14,1529,41,28
674.42,Cam_17,1530,30,7
674.77,Cam_17,1531,9,43
675.01,Cam_06,1532,55,91
675.68,Cam_07,1533,69,61
675.86,Cam_19,1534,44,13
676.22,Cam_02,1535,8,125
677.48,Cam_04,1536,39,122
677.75,Cam_19,1537,5,121
678.75,Cam_01,1538,46,46
679.87,Cam_19,1539,44,70
680.70,Cam_05,1540,7,83
680.79,Cam_01,1541,8,78
681.13,Cam_16,1542,25,19
681.43,Cam_16,1543,30,140
681.52,Cam_02,1544,26,71
682.31,Cam_19,1545,5,120
683.44,Cam_15,1546,28,54
683.79,Cam_11,1547,65,23
683.93,Cam_04,1548,49,26
684.82,Cam_05,1549,16,12
684.93,Cam_02,1550,26,30
685.32,Cam_20,1551,44,63
686.92,Cam_18,1552,67,112
687.51,Cam_18,1553,5,76
687.63,Cam_09,1554,13,117
689.26,Cam_15,1555,10,53
689.69,Cam_11,1556,31,85
690.48,Cam_10,1557,68,93
692.00,Cam_19,1558,5,22
692.34,Cam_13,1559,33,74
692.65,Cam_13,1560,2,89
693.50,Cam_02,1561,26,21
693.66,Cam_11,1562,65,55
693.80,Cam_08,1563,36,133
694.25,Cam_02,1564,51,149
694.62,Cam_01,1565,8,78
695.26,Cam_19,1566,5,75
695.27,Cam_18,1567,9,98
695.74,Cam_19,1568,44,82
696.45,Cam_01,1569,46,16
698.48,Cam_02,1570,26,94
698.79,Cam_11,1571,71,39
699.24,Cam_04,1572,39,2
699.49,Cam_11,1573,65,3
701.23,Cam_08,1574,69,61
701.27,Cam_07,1575,57,116
701.49,Cam_06,1576,7,136
703.78,Cam_13,1577,2,89
705.10,Cam_10,1578,59,10
707.07,Cam_20,1579,5,60
707.25,Cam_02,1580,51,5
707.56,Cam_16,1581,28,115
709.26,Cam_06,1582,7,109
709.30,Cam_16,1583,10,43
709.77,Cam_02,1584,26,131
709.78,Cam_11,1585,66,35
710.10,Cam_18,1586,9,40
711.42,Cam_02,1587,72,77
712.55,Cam_03,1588,3,1
714.21,Cam_02,1589,51,147
714.56,Cam_16,1590,28,92
714.64,Cam_04,1591,39,126
716.18,Cam_01,1592,46,46
716.20,Cam_11,1593,15,137
716.37,Cam_07,1594,57,116
717.72,Cam_12,1595,6,55
717.78,Cam_17,1596,30,45
718.29,Cam_06,1597,7,83
718.39,Cam_03,1598,3,80
718.81,Cam_05,1599,55,103
719.92,Cam_18,1600,9,128
721.38,Cam_10,1601,31,85
722.01,Cam_17,1602,25,76
722.19,Cam_02,1603,26,149
722.47,Cam_17,1604,30,58
722.62,Cam_02,1605,51,130
722.64,Cam_18,1606,44,37
724.83,Cam_16,1607,28,69
724.85,Cam_14,1608,50,44
726.07,Cam_08,1609,13,129
726.39,Cam_11,1610,59,10
727.45,Cam_02,1611,26,147
728.13,Cam_16,1612,10,7
728.35,Cam_02,1613,51,20
728.64,Cam_19,1614,73,48
729.18,Cam_05,1615,55,17
729.22,Cam_10,1616,52,143
729.59,Cam_19,1617,5,60
729.63,Cam_06,1618,7,12
729.67,Cam_16,1619,28,106
730.17,Cam_14,1620,33,81
730.67,Cam_10,1621,65,34
730.98,Cam_17,1622,30,107
731.60,Cam_05,1623,49,144
731.68,Cam_12,1624,6,110
731.88,Cam_19,1625,9,22
732.85,Cam_02,1626,26,94
733.34,Cam_16,1627,10,54
734.74,Cam_04,1628,16,1
735.32,Cam_03,1629,3,72
736.85,Cam_03,1630,39,118
737.35,Cam_09,1631,36,25
738.90,Cam_07,1632,4,62
739.54,Cam_03,1633,3,123
740.07,Cam_03,1634,74,31
741.82,Cam_17,1635,30,140
741.95,Cam_17,1636,25,86
744.78,Cam_07,1637,4,136
746.22,Cam_08,1638,75,61
746.22,Cam_14,1639,33,99
747.29,Cam_06,1640,7,83
747.51,Cam_02,1641,26,135
747.56,Cam_03,1642,76,26
747.69,Cam_19,1643,9,98
747.81,Cam_01,1644,77,78
748.59,Cam_11,1645,65,34
748.88,Cam_18,1646,5,127
749.19,Cam_10,1647,15,8
749.62,Cam_01,1648,51,130
750.41,Cam_20,1649,9,60
751.09,Cam_17,1650,30,56
752.67,Cam_02,1651,8,114
752.80,Cam_04,1652,16,122
754.53,Cam_14,1653,2,57
754.91,Cam_16,1654,10,43
756.19,Cam_08,1655,4,136
756.22,Cam_10,1656,65,14
756.43,Cam_08,1657,36,119
756.82,Cam_19,1658,44,13
757.95,Cam_16,1659,10,69
758.04,Cam_14,1660,33,59
758.16,Cam_03,1661,3,1
758.31,Cam_13,1662,78,111
759.31,Cam_11,1663,52,145
760.73,Cam_05,1664,7,17
761.63,Cam_17,1665,30,15
762.94,Cam_02,1666,8,125
763.80,Cam_14,1667,2,41
763.99,Cam_10,1668,65,3
764.34,Cam_17,1669,28,115
764.42,Cam_12,1670,79,79
764.76,Cam_06,1671,55,62
764.88,Cam_16,1672,10,92
765.29,Cam_03,1673,3,147
765.58,Cam_10,1674,80,85
766.06,Cam_14,1675,33,44
766.26,Cam_05,1676,7,91
766.65,Cam_14,1677,48,27
766.83,Cam_20,1678,9,75
767.06,Cam_09,1679,13,108
767.54,Cam_17,1680,30,58
770.92,Cam_09,1681,13,129
771.57,Cam_01,1682,26,71
771.65,Cam_07,1683,4,109
771.72,Cam_14,1684,2,99
772.01,Cam_18,1685,73,48
772.10,Cam_03,1686,3,122
772.59,Cam_20,1687,9,121
772.64,Cam_04,1688,49,144
773.77,Cam_12,1689,52,89
774.87,Cam_13,1690,50,74
775.46,Cam_10,1691,65,3
776.45,Cam_15,1692,41,57
777.21,Cam_01,1693,26,149
777.57,Cam_01,1694,8,30
777.92,Cam_04,1695,39,65
778.96,Cam_05,1696,7,12
779.28,Cam_18,1697,25,76
779.47,Cam_14,1698,33,53
780.50,Cam_07,1699,81,4
781.40,Cam_18,1700,44,37
782.65,Cam_13,1701,6,41
783.33,Cam_04,1702,49,144
783.76,Cam_19,1703,5,13
783.93,Cam_02,1704,46,123
784.92,Cam_04,1705,39,72
786.07,Cam_04,1706,45,100
786.71,Cam_02,1707,51,1
786.72,Cam_04,1708,3,2
788.42,Cam_20,1709,9,121
789.04,Cam_14,1710,33,28
789.50,Cam_03,1711,64,24
789.69,Cam_09,1712,31,85
790.33,Cam_10,1713,71,39
792.09,Cam_15,1714,41,43
792.77,Cam_18,1715,44,82
793.44,Cam_20,1716,9,70
794.04,Cam_19,1717,5,120
794.10,Cam_17,1718,10,29
794.27,Cam_09,1719,36,133
794.44,Cam_09,1720,68,93
794.49,Cam_06,1721,4,17
794.73,Cam_08,1722,13,117
795.16,Cam_10,1723,59,10
795.59,Cam_03,1724,16,21
795.86,Cam_03,1725,46,131
797.89,Cam_19,1726,5,63
799.16,Cam_02,1727,51,6
799.60,Cam_07,1728,81,4
799.76,Cam_14,1729,33,59
800.64,Cam_08,1730,57,116
802.14,Cam_14,1731,50,74
802.16,Cam_15,1732,41,69
803.00,Cam_11,1733,52,14
804.13,Cam_17,1734,67,112
804.82,Cam_13,1735,2,53
805.20,Cam_18,1736,44,40
805.39,Cam_11,1737,65,110
805.56,Cam_17,1738,10,138
808.79,Cam_08,1739,82,61
809.25,Cam_15,1740,41,99
809.58,Cam_05,1741,55,62
811.22,Cam_10,1742,68,93
811.72,Cam_04,1743,7,122
812.40,Cam_03,1744,16,126
813.83,Cam_12,1745,66,35
813.96,Cam_11,1746,79,79
814.26,Cam_07,1747,81,4
814.47,Cam_11,1748,15,137
814.59,Cam_08,1749,13,109
815.55,Cam_09,1750,36,129
815.70,Cam_04,1751,74,31
819.26,Cam_17,1752,10,7
819.49,Cam_16,1753,28,45
819.90,Cam_05,1754,55,52
819.98,Cam_12,1755,78,41
820.08,Cam_13,1756,48,27
820.39,Cam_19,1757,25,121
820.43,Cam_17,1758,44,106
820.96,Cam_03,1759,16,5
821.35,Cam_12,1760,83,111
821.67,Cam_10,1761,52,51
822.66,Cam_18,1762,30,40
822.70,Cam_01,1763,72,77
822.97,Cam_10,1764,68,93
823.11,Cam_01,1765,51,114
823.26,Cam_08,1766,13,108
823.70,Cam_14,1767,6,99
824.22,Cam_11,1768,65,105
824.24,Cam_16,1769,28,140
824.50,Cam_03,1770,39,125
825.54,Cam_16,1771,41,107
825.59,Cam_06,1772,55,103
826.99,Cam_05,1773,3,122
827.30,Cam_10,1774,36,25
827.95,Cam_12,1775,2,55
828.86,Cam_18,1776,30,22
829.03,Cam_02,1777,76,26
829.16,Cam_04,1778,7,118
830.32,Cam_02,1779,26,147
830.32,Cam_03,1780,16,94
831.00,Cam_01,1781,51,149
831.13,Cam_12,1782,78,34
831.35,Cam_07,1783,4,119
831.40,Cam_13,1784,33,89
831.58,Cam_04,1785,46,80
832.19,Cam_03,1786,84,20
832.90,Cam_10,1787,52,8
833.16,Cam_10,1788,36,133
834.77,Cam_02,1789,8,5
835.89,Cam_16,1790,28,106
837.38,Cam_18,1791,30,58
838.29,Cam_07,1792,81,4
838.71,Cam_18,1793,5,15
839.71,Cam_18,1794,44,128
840.06,Cam_01,1795,51,123
840.72,Cam_15,1796,41,107
840.79,Cam_17,1797,10,56
841.02,Cam_20,1798,25,63
841.19,Cam_16,1799,28,92
841.51,Cam_18,1800,30,138
842.01,Cam_11,1801,65,145
842.36,Cam_02,1802,26,135
844.09,Cam_10,1803,52,110
844.37,Cam_10,1804,36,129
845.36,Cam_15,1805,50,54
845.46,Cam_09,1806,82,8
846.40,Cam_04,1807,46,90
846.56,Cam_08,1808,13,108
846.66,Cam_11,1809,65,105
847.05,Cam_01,1810,72,77
848.13,Cam_18,1811,67,112
848.56,Cam_11,1812,2,143
848.60,Cam_04,1813,7,2
848.79,Cam_13,1814,33,74
849.36,Cam_16,1815,28,106
849.50,Cam_17,1816,30,140
849.85,Cam_01,1817,51,71
850.88,Cam_19,1818,9,75
851.06,Cam_08,1819,13,139
851.28,Cam_18,1820,44,29
851.79,Cam_12,1821,78,111
853.08,Cam_10,1822,52,14
853.19,Cam_07,1823,55,136
854.12,Cam_03,1824,49,72
856.05,Cam_18,1825,5,82
856.25,Cam_03,1826,85,24
856.59,Cam_19,1827,9,60
859.89,Cam_18,1828,44,128
860.63,Cam_08,1829,13,8
860.92,Cam_11,1830,2,137
861.36,Cam_20,1831,25,98
862.51,Cam_10,1832,36,39
862.68,Cam_05,1833,46,80
863.91,Cam_15,1834,6,99
864.51,Cam_12,1835,48,27
865.19,Cam_10,1836,52,3
866.00,Cam_15,1837,50,44
867.55,Cam_05,1838,46,122
867.96,Cam_02,1839,39,30
868.09,Cam_18,1840,5,7
868.90,Cam_18,1841,44,56
869.02,Cam_16,1842,41,107
870.05,Cam_17,1843,73,48
870.14,Cam_11,1844,2,133
870.27,Cam_19,1845,9,120
871.35,Cam_01,1846,8,114
871.38,Cam_09,1847,68,93
871.45,Cam_15,1848,6,43
871.53,Cam_07,1849,57,103
871.73,Cam_10,1850,79,79
873.61,Cam_04,1851,3,131
876.58,Cam_04,1852,16,91
877.62,Cam_13,1853,78,89
878.79,Cam_05,1854,46,52
879.59,Cam_10,1855,31,85
880.68,Cam_20,1856,25,120
882.02,Cam_18,1857,44,37
883.03,Cam_09,1858,13,51
883.45,Cam_05,1859,7,122
884.54,Cam_02,1860,39,71
884.77,Cam_19,1861,9,70
885.16,Cam_12,1862,65,74
885.53,Cam_01,1863,8,1
886.79,Cam_12,1864,33,55
887.53,Cam_09,1865,13,117
887.62,Cam_07,1866,57,103
889.48,Cam_18,1867,10,128
889.85,Cam_14,1868,50,57
890.78,Cam_01,1869,76,5
891.86,Cam_09,1870,59,10
893.62,Cam_13,1871,86,49
893.74,Cam_05,1872,45,100
896.13,Cam_05,1873,7,65
897.03,Cam_19,1874,9,13
897.09,Cam_07,1875,57,109
897.26,Cam_18,1876,44,58
897.26,Cam_02,1877,39,123
898.54,Cam_06,1878,4,84
898.62,Cam_05,1879,46,12
899.02,Cam_04,1880,49,122
899.15,Cam_11,1881,36,105
899.16,Cam_08,1882,68,93
900.33,Cam_11,1883,66,35
900.90,Cam_03,1884,3,144
901.11,Cam_08,1885,55,136
902.90,Cam_17,1886,28,106
904.59,Cam_10,1887,31,85
905.05,Cam_09,1888,13,88
905.54,Cam_12,1889,33,53
905.93,Cam_18,1890,30,128
906.57,Cam_10,1891,2,51
907.44,Cam_15,1892,41,92
907.71,Cam_20,1893,9,63
907.81,Cam_10,1894,59,10
907.89,Cam_17,1895,5,15
908.55,Cam_18,1896,44,40
909.11,Cam_02,1897,51,6
909.94,Cam_18,1898,30,121
910.22,Cam_03,1899,26,126
910.84,Cam_13,1900,65,59
912.33,Cam_02,1901,39,30
912.46,Cam_04,1902,84,20
913.15,Cam_09,1903,52,139
913.47,Cam_09,1904,13,14
913.63,Cam_08,1905,55,117
914.12,Cam_03,1906,3,125
914.50,Cam_06,1907,4,119
915.15,Cam_02,1908,51,21
915.22,Cam_01,1909,39,135
915.58,Cam_10,1910,66,35
917.25,Cam_04,1911,49,148
917.76,Cam_14,1912,6,69
918.78,Cam_07,1913,57,116
919.61,Cam_18,1914,44,82
920.32,Cam_12,1915,33,74
922.07,Cam_03,1916,3,113
922.44,Cam_19,1917,25,22
922.49,Cam_04,1918,87,31
922.74,Cam_09,1919,52,3
922.95,Cam_15,1920,41,54
924.31,Cam_17,1921,5,56
925.70,Cam_16,1922,28,44
925.78,Cam_18,1923,88,112
925.80,Cam_03,1924,16,90
926.66,Cam_12,1925,78,41
927.23,Cam_09,1926,89,61
927.64,Cam_02,1927,85,24
928.61,Cam_17,1928,10,45
928.89,Cam_09,1929,31,85
929.30,Cam_19,1930,25,73
929.88,Cam_18,1931,44,138
929.94,Cam_12,1932,33,64
930.28,Cam_10,1933,36,105
932.13,Cam_19,1934,25,40
932.34,Cam_05,1935,4,118
933.04,Cam_11,1936,2,25
935.86,Cam_08,1937,13,103
935.90,Cam_18,1938,44,7
936.51,Cam_02,1939,8,114
936.86,Cam_18,1940,30,106
938.90,Cam_07,1941,57,66
939.82,Cam_08,1942,81,4
940.04,Cam_09,1943,52,3
940.69,Cam_01,1944,51,147
940.72,Cam_14,1945,65,89
941.23,Cam_12,1946,33,145
941.27,Cam_09,1947,55,32
941.36,Cam_04,1948,46,113
941.40,Cam_10,1949,36,139
941.65,Cam_07,1950,57,116
941.74,Cam_11,1951,83,111
942.27,Cam_08,1952,13,88
942.52,Cam_02,1953,76,144
942.72,Cam_07,1954,90,136
943.10,Cam_13,1955,50,57
943.32,Cam_11,1956,2,53
943.76,Cam_05,1957,4,148
943.82,Cam_18,1958,44,29
944.12,Cam_03,1959,49,26
944.32,Cam_02,1960,8,21
945.22,Cam_14,1961,65,69
946.02,Cam_17,1962,10,138
946.55,Cam_18,1963,30,15
947.67,Cam_09,1964,52,103
947.93,Cam_01,1965,85,24
948.43,Cam_04,1966,7,126
948.71,Cam_07,1967,57,108
948.85,Cam_01,1968,51,71
949.06,Cam_15,1969,6,43
949.64,Cam_04,1970,46,125
950.34,Cam_04,1971,26,80
950.94,Cam_03,1972,49,72
952.80,Cam_17,1973,28,140
953.24,Cam_02,1974,8,97
955.51,Cam_09,1975,55,105
955.66,Cam_17,1976,10,121
955.69,Cam_09,1977,52,110
956.26,Cam_13,1978,48,27
957.07,Cam_05,1979,91,100
957.39,Cam_01,1980,76,144
957.43,Cam_03,1981,49,21
958.38,Cam_10,1982,36,143
958.76,Cam_17,1983,28,107
959.18,Cam_02,1984,39,123
959.47,Cam_16,1985,5,92
959.89,Cam_07,1986,81,4
960.91,Cam_13,1987,50,59
961.58,Cam_06,1988,90,136
961.82,Cam_19,1989,9,37
962.07,Cam_20,1990,25,70
962.13,Cam_18,1991,30,60
963.84,Cam_03,1992,84,2
964.77,Cam_02,1993,8,5
964.86,Cam_07,1994,57,119
965.19,Cam_19,1995,9,120
965.29,Cam_02,1996,85,24
965.53,Cam_06,1997,90,52
965.59,Cam_02,1998,72,77
966.94,Cam_19,1999,44,98
967.42,Cam_08,2000,89,8
969.04,Cam_16,2001,5,99
969.20,Cam_07,2002,68,93
970.22,Cam_17,2003,92,48
971.01,Cam_08,2004,89,109
971.51,Cam_12,2005,2,55
972.08,Cam_10,2006,52,79
972.22,Cam_10,2007,55,137
972.72,Cam_18,2008,30,124
972.77,Cam_17,2009,28,92
973.92,Cam_17,2010,10,128
974.13,Cam_19,2011,9,29
974.25,Cam_10,2012,36,39
974.91,Cam_08,2013,89,61
976.38,Cam_02,2014,8,30
976.71,Cam_03,2015,84,6
977.04,Cam_09,2016,13,14
977.07,Cam_08,2017,57,105
977.98,Cam_10,2018,52,103
978.16,Cam_01,2019,39,123
980.87,Cam_17,2020,28,15
981.20,Cam_04,2021,49,26
981.32,Cam_10,2022,55,53
981.58,Cam_02,2023,3,1
981.93,Cam_07,2024,81,117
982.79,Cam_18,2025,30,140
983.08,Cam_08,2026,89,8
983.28,Cam_18,2027,44,106
984.77,Cam_16,2028,41,107
985.63,Cam_20,2029,25,40
986.55,Cam_09,2030,13,109
986.93,Cam_13,2031,78,41
987.35,Cam_12,2032,2,42
987.58,Cam_05,2033,46,113
987.98,Cam_17,2034,10,67
988.41,Cam_15,2035,65,44
988.55,Cam_16,2036,6,43
988.89,Cam_04,2037,16,131
989.14,Cam_11,2038,93,111
989.66,Cam_11,2039,55,137
990.01,Cam_05,2040,7,91
990.50,Cam_18,2041,30,132
991.20,Cam_20,2042,25,134
992.01,Cam_14,2043,50,57
992.62,Cam_19,2044,9,82
994.16,Cam_15,2045,65,150
994.34,Cam_07,2046,94,88
995.20,Cam_16,2047,41,45
995.55,Cam_16,2048,6,87
996.24,Cam_18,2049,92,48
996.30,Cam_06,2050,4,84
998.25,Cam_05,2051,46,20
999.73,Cam_03,2052,95,141
999.88,Cam_20,2053,25,13
999.95,Cam_20,2054,9,22
1001.31,Cam_05,2055,7,122
1001.51,Cam_18,2056,30,73
1001.73,Cam_07,2057,90,146
1002.37,Cam_10,2058,13,32
1002.77,Cam_17,2059,10,58
1003.06,Cam_18,2060,44,128
1003.62,Cam_06,2061,4,65
1003.85,Cam_18,2062,28,29
1004.41,Cam_06,2063,46,116
1005.16,Cam_07,2064,90,117
1005.16,Cam_07,2065,57,108
1005.26,Cam_04,2066,16,126
1005.43,Cam_05,2067,26,118
1007.48,Cam_08,2068,96,14
1008.06,Cam_16,2069,6,44
1009.05,Cam_09,2070,59,10
1010.63,Cam_10,2071,97,25
1011.40,Cam_04,2072,16,91
1011.55,Cam_08,2073,57,3
1011.63,Cam_12,2074,55,55
1011.77,Cam_17,2075,10,121
1013.21,Cam_13,2076,98,49
1013.35,Cam_01,2077,8,147
1015.43,Cam_16,2078,6,56
1015.69,Cam_03,2079,3,72
1017.48,Cam_07,2080,89,8
1017.54,Cam_04,2081,84,12
1017.66,Cam_03,2082,87,31
1017.88,Cam_19,2083,9,63
1020.11,Cam_08,2084,57,101
1020.74,Cam_09,2085,36,51
1021.50,Cam_13,2086,33,69
1021.92,Cam_03,2087,3,114
1022.73,Cam_12,2088,55,64
1023.49,Cam_06,2089,81,117
1023.86,Cam_09,2090,52,25
1024.64,Cam_05,2091,99,100
1025.96,Cam_17,2092,5,92
1026.02,Cam_13,2093,100,9
1026.33,Cam_01,2094,8,50
1026.46,Cam_17,2095,10,138
1026.48,Cam_09,2096,66,35
1026.69,Cam_08,2097,89,61
1027.00,Cam_06,2098,7,66
1027.91,Cam_16,2099,6,107
1028.29,Cam_17,2100,41,124
1029.10,Cam_19,2101,9,134
1029.38,Cam_11,2102,2,39
1029.73,Cam_13,2103,33,41
1030.07,Cam_15,2104,50,54
1030.30,Cam_18,2105,10,7
1030.79,Cam_07,2106,4,65
1031.72,Cam_08,2107,57,105
1031.86,Cam_18,2108,5,82
1033.71,Cam_03,2109,3,90
1033.76,Cam_10,2110,36,139
1034.03,Cam_06,2111,7,52
1035.11,Cam_19,2112,9,22
1035.41,Cam_11,2113,2,32
1035.51,Cam_06,2114,68,93
1035.79,Cam_16,2115,6,87
1036.79,Cam_06,2116,26,8
1037.51,Cam_20,2117,101,120
1037.58,Cam_19,2118,25,13
1038.01,Cam_04,2119,84,72
1039.09,Cam_16,2120,65,11
1039.98,Cam_10,2121,36,110
1040.75,Cam_17,2122,41,56
1040.95,Cam_15,2123,50,57
1040.95,Cam_20,2124,101,70
1041.70,Cam_11,2125,2,53
1041.90,Cam_02,2126,39,6
1042.22,Cam_02,2127,51,97
1042.45,Cam_14,2128,78,69
1043.52,Cam_09,2129,13,51
1043.95,Cam_17,2130,88,112
1045.48,Cam_07,2131,4,146
1045.74,Cam_11,2132,2,137
1047.78,Cam_02,2133,76,24
1048.49,Cam_02,2134,39,21
1050.19,Cam_19,2135,25,98
1050.20,Cam_10,2136,52,79
1052.96,Cam_03,2137,49,131
1053.29,Cam_18,2138,5,67
1053.86,Cam_14,2139,98,49
1055.46,Cam_05,2140,46,122
1057.11,Cam_09,2141,13,143
1058.53,Cam_05,2142,16,148
1058.98,Cam_03,2143,49,80
1060.12,Cam_19,2144,30,140
1060.25,Cam_06,2145,90,117
1060.31,Cam_01,2146,51,71
1061.43,Cam_19,2147,28,106
1062.89,Cam_12,2148,48,27
1064.87,Cam_08,2149,94,109
1066.87,Cam_04,2150,3,125
1066.89,Cam_04,2151,87,31
1068.58,Cam_19,2152,44,132
1068.69,Cam_20,2153,9,37
1069.81,Cam_17,2154,88,112
1070.30,Cam_06,2155,90,65
1070.38,Cam_09,2156,13,143
1071.09,Cam_20,2157,25,40
1071.09,Cam_05,2158,16,20
1071.31,Cam_03,2159,84,97
1071.90,Cam_17,2160,10,73
1072.08,Cam_15,2161,6,99
1073.32,Cam_15,2162,65,69
1074.46,Cam_10,2163,2,39
1075.43,Cam_03,2164,49,1
1075.57,Cam_06,2165,90,52
1075.77,Cam_02,2166,102,77
1076.59,Cam_13,2167,55,55
1076.81,Cam_07,2168,57,101
1077.25,Cam_09,2169,96,103
1078.04,Cam_14,2170,33,57
1078.96,Cam_07,2171,89,119
1080.90,Cam_18,2172,41,82
1082.46,Cam_04,2173,3,2
1082.97,Cam_02,2174,8,80
1083.38,Cam_20,2175,25,134
1083.42,Cam_19,2176,44,70
1083.45,Cam_05,2177,16,122
1083.89,Cam_01,2178,39,123
1083.99,Cam_14,2179,50,41
1084.23,Cam_16,2180,6,43
1084.43,Cam_03,2181,49,5
1085.69,Cam_05,2182,7,84
1086.33,Cam_11,2183,36,42
1086.67,Cam_01,2184,76,30
1086.68,Cam_11,2185,103,111
1088.26,Cam_01,2186,102,77
1089.46,Cam_16,2187,6,107
1090.05,Cam_06,2188,90,108
1090.15,Cam_17,2189,5,15
1090.51,Cam_17,2190,10,45
1090.51,Cam_19,2191,101,7
1091.20,Cam_15,2192,78,54
1091.42,Cam_08,2193,4,25
1091.89,Cam_03,2194,87,31
1091.89,Cam_09,2195,97,39
1092.45,Cam_19,2196,92,48
1093.89,Cam_06,2197,46,88
1094.46,Cam_16,2198,88,112
1095.08,Cam_07,2199,26,65
1096.04,Cam_07,2200,89,14
1096.50,Cam_18,2201,41,67
1096.52,Cam_08,2202,4,109
1097.29,Cam_10,2203,13,143
1097.65,Cam_13,2204,98,49
1097.90,Cam_16,2205,6,99
1098.10,Cam_03,2206,49,12
1098.40,Cam_03,2207,104,141
1098.73,Cam_12,2208,55,42
1099.01,Cam_06,2209,46,113
1099.41,Cam_07,2210,81,66
1100.15,Cam_05,2211,7,91
1100.29,Cam_05,2212,16,8
1100.63,Cam_14,2213,50,150
1100.87,Cam_17,2214,5,43
1102.08,Cam_10,2215,66,35
1104.92,Cam_17,2216,10,11
1105.39,Cam_10,2217,13,110
1108.52,Cam_10,2218,96,53
1109.18,Cam_16,2219,6,124
1110.75,Cam_13,2220,48,27
1112.68,Cam_04,2221,84,148
1113.85,Cam_08,2222,4,51
1114.18,Cam_17,2223,5,44
1114.59,Cam_19,2224,9,13
1115.09,Cam_20,2225,30,40
1115.68,Cam_06,2226,46,119
1116.59,Cam_18,2227,28,140
1116.63,Cam_18,2228,44,58
1116.74,Cam_13,2229,33,64
1117.46,Cam_18,2230,101,67
1117.62,Cam_19,2231,25,98
1117.69,Cam_01,2232,8,6
1117.87,Cam_08,2233,59,10
1118.45,Cam_18,2234,41,138
1118.77,Cam_20,2235,30,22
1118.80,Cam_03,2236,3,114
1118.83,Cam_03,2237,49,24
1119.52,Cam_06,2238,57,101
1120.17,Cam_18,2239,28,45
1120.87,Cam_03,2240,84,2
1121.61,Cam_02,2241,51,12
1121.84,Cam_17,2242,5,29
1121.92,Cam_07,2243,94,146
1121.99,Cam_11,2244,2,137
1122.15,Cam_02,2245,39,1
1122.84,Cam_10,2246,96,139
1123.01,Cam_11,2247,52,32
1123.24,Cam_17,2248,10,11
1125.07,Cam_07,2249,90,109
1125.41,Cam_05,2250,7,118
1126.24,Cam_01,2251,8,80
1126.67,Cam_17,2252,5,121
1127.76,Cam_12,2253,36,55
1129.11,Cam_04,2254,99,100
1132.03,Cam_18,2255,28,63
1132.34,Cam_02,2256,51,50
1133.25,Cam_11,2257,2,137
1133.55,Cam_04,2258,16,8
1134.21,Cam_15,2259,50,87
1134.43,Cam_05,2260,7,88
1134.47,Cam_04,2261,84,97
1135.08,Cam_06,2262,57,91
1135.38,Cam_03,2263,105,141
1135.71,Cam_01,2264,8,21
1135.73,Cam_03,2265,49,24
1136.15,Cam_02,2266,102,77
1136.38,Cam_01,2267,39,71
1136.69,Cam_17,2268,10,56
1136.79,Cam_08,2269,97,65
1137.29,Cam_06,2270,26,117
1141.48,Cam_14,2271,100,9
1141.78,Cam_18,2272,28,92
1142.63,Cam_16,2273,65,99
1143.58,Cam_18,2274,9,58
1144.61,Cam_03,2275,51,90
1146.34,Cam_07,2276,4,66
1146.78,Cam_20,2277,25,7
1146.89,Cam_14,2278,78,41
1147.09,Cam_13,2279,55,57
1147.11,Cam_06,2280,57,14
1147.33,Cam_02,2281,3,123
1147.41,Cam_02,2282,76,30
1148.19,Cam_06,2283,26,108
1149.19,Cam_03,2284,51,125
1149.20,Cam_16,2285,106,112
1149.84,Cam_08,2286,97,105
1149.94,Cam_09,2287,13,79
1150.21,Cam_05,2288,68,93
1150.84,Cam_20,2289,25,120
1151.15,Cam_06,2290,81,84
1152.28,Cam_19,2291,107,48
1152.86,Cam_20,2292,108,132
1152.96,Cam_15,2293,6,99
1153.51,Cam_18,2294,28,45
1154.28,Cam_11,2295,96,139
1154.74,Cam_05,2296,46,148
1154.79,Cam_15,2297,50,87
1156.94,Cam_04,2298,49,131
1157.33,Cam_15,2299,6,41
1157.92,Cam_02,2300,3,71
1158.70,Cam_02,2301,76,1
1159.73,Cam_19,2302,101,134
1160.13,Cam_07,2303,4,108
1161.14,Cam_02,2304,39,123
1162.93,Cam_05,2305,46,88
1165.65,Cam_17,2306,44,73
1167.45,Cam_01,2307,39,50
1168.81,Cam_04,2308,109,100
1169.61,Cam_09,2309,13,53
1169.61,Cam_17,2310,41,44
1170.18,Cam_06,2311,90,101
1170.23,Cam_15,2312,6,54
1170.69,Cam_20,2313,108,70
1174.01,Cam_14,2314,33,150
1174.30,Cam_12,2315,52,55
1174.37,Cam_02,2316,76,1
1174.71,Cam_17,2317,44,124
1174.83,Cam_15,2318,6,107
1174.91,Cam_03,2319,16,114
1175.02,Cam_03,2320,84,8
1176.92,Cam_15,2321,65,69
1177.25,Cam_12,2322,2,57
1178.41,Cam_04,2323,7,131
1181.24,Cam_18,2324,5,138
1182.98,Cam_03,2325,16,125
1183.91,Cam_08,2326,94,146
1184.46,Cam_02,2327,76,6
1184.47,Cam_18,2328,10,98
1184.60,Cam_06,2329,90,117
1184.92,Cam_19,2330,30,37
1185.79,Cam_03,2331,49,5
1186.12,Cam_13,2332,110,49
1186.46,Cam_11,2333,52,32
1187.20,Cam_12,2334,2,137
1187.32,Cam_04,2335,111,24
1187.48,Cam_07,2336,26,109
1187.66,Cam_19,2337,9,82
1188.35,Cam_20,2338,108,40
1188.63,Cam_20,2339,101,7
1188.73,Cam_02,2340,112,77
1189.94,Cam_08,2341,113,39
1190.47,Cam_05,2342,57,122
1191.27,Cam_18,2343,30,140
1191.81,Cam_11,2344,36,143
1192.01,Cam_10,2345,114,35
1193.24,Cam_04,2346,109,100
1193.66,Cam_18,2347,5,67
1194.44,Cam_06,2348,90,66
1195.07,Cam_16,2349,50,11
1195.68,Cam_10,2350,103,111
1195.77,Cam_18,2351,10,45
1196.33,Cam_06,2352,4,119
1196.49,Cam_03,2353,16,6
1196.55,Cam_19,2354,9,92
1197.32,Cam_01,2355,3,50
1199.12,Cam_16,2356,50,87
1199.31,Cam_12,2357,2,57
1200.13,Cam_16,2358,41,15
1200.42,Cam_16,2359,44,41
1200.79,Cam_04,2360,51,131
1201.11,Cam_03,2361,49,30
1203.65,Cam_02,2362,8,80
1204.30,Cam_07,2363,97,51
1204.66,Cam_06,2364,4,113
1204.84,Cam_11,2365,36,42
1206.46,Cam_02,2366,39,5
1206.89,Cam_08,2367,115,10
1206.96,Cam_19,2368,25,134
1206.99,Cam_06,2369,68,93
1208.68,Cam_01,2370,3,71
1210.72,Cam_03,2371,16,97
1212.29,Cam_03,2372,7,90
1212.72,Cam_07,2373,97,14
1213.62,Cam_20,2374,9,37
1214.23,Cam_06,2375,4,84
1214.45,Cam_01,2376,3,80
1216.07,Cam_13,2377,78,64
1216.78,Cam_12,2378,96,42
1216.80,Cam_19,2379,28,70
1217.66,Cam_18,2380,10,56
1217.69,Cam_18,2381,5,121
1219.21,Cam_04,2382,46,2
1219.91,Cam_17,2383,30,124
1221.99,Cam_10,2384,13,110
1222.44,Cam_19,2385,116,48
1222.78,Cam_19,2386,25,22
1222.89,Cam_11,2387,36,55
1223.38,Cam_03,2388,16,12
1224.87,Cam_12,2389,55,137
1225.78,Cam_17,2390,30,140
1225.93,Cam_09,2391,114,35
1226.15,Cam_11,2392,103,111
1226.35,Cam_14,2393,6,69
1227.24,Cam_04,2394,84,114
1227.39,Cam_19,2395,28,82
1227.45,Cam_07,2396,97,65
1227.69,Cam_13,2397,78,57
1227.80,Cam_04,2398,105,141
1227.82,Cam_12,2399,48,27
1229.82,Cam_19,2400,25,58
1231.15,Cam_12,2401,96,32
1231.95,Cam_06,2402,68,93
1233.12,Cam_19,2403,108,121
1233.25,Cam_20,2404,107,48
1234.17,Cam_02,2405,117,77
1234.75,Cam_11,2406,36,55
1236.56,Cam_02,2407,49,5
1238.05,Cam_06,2408,26,109
1239.66,Cam_07,2409,97,105
1241.30,Cam_13,2410,48,27
1241.77,Cam_17,2411,30,29
1241.80,Cam_17,2412,50,73
1243.04,Cam_14,2413,6,107
1243.73,Cam_18,2414,108,70
1245.12,Cam_09,2415,114,35
1245.16,Cam_05,2416,90,119
1245.33,Cam_02,2417,49,80
1246.12,Cam_20,2418,28,134
1246.64,Cam_12,2419,52,139
1246.64,Cam_13,2420,33,64
1248.04,Cam_18,2421,108,63
1249.87,Cam_17,2422,106,112
1250.35,Cam_02,2423,7,21
1251.14,Cam_06,2424,26,148
1251.61,Cam_20,2425,28,132
1251.67,Cam_13,2426,100,9
1256.69,Cam_19,2427,101,22
1260.39,Cam_19,2428,9,63
1260.59,Cam_13,2429,2,69
1261.35,Cam_04,2430,57,90
1261.88,Cam_12,2431,103,111
1262.16,Cam_06,2432,26,117
1262.58,Cam_05,2433,51,131
1265.99,Cam_04,2434,16,125
1268.70,Cam_17,2435,44,73
1269.36,Cam_15,2436,41,15
1269.51,Cam_02,2437,3,30
1270.59,Cam_03,2438,8,8
1271.14,Cam_09,2439,13,53
1272.80,Cam_16,2440,30,29
1272.89,Cam_13,2441,2,137
1272.89,Cam_02,2442,3,6
1273.13,Cam_03,2443,105,141
1274.31,Cam_06,2444,26,51
1274.81,Cam_02,2445,7,21
1276.45,Cam_05,2446,4,122
1277.66,Cam_07,2447,94,146
1277.86,Cam_05,2448,46,114
1278.51,Cam_13,2449,55,150
1279.11,Cam_08,2450,114,35
1280.58,Cam_18,2451,25,44
1281.15,Cam_02,2452,3,50
1281.33,Cam_17,2453,10,45
1283.09,Cam_19,2454,107,48
1283.86,Cam_10,2455,36,110
1284.76,Cam_04,2456,118,24
1286.20,Cam_07,2457,94,101
1287.06,Cam_01,2458,39,71
1288.01,Cam_12,2459,78,42
1289.01,Cam_19,2460,5,22
1289.13,Cam_18,2461,25,98
1289.37,Cam_16,2462,50,41
1289.86,Cam_13,2463,119,49
1290.97,Cam_20,2464,101,121
1291.36,Cam_14,2465,41,107
1296.56,Cam_20,2466,9,82
1297.34,Cam_18,2467,25,138
1297.57,Cam_20,2468,101,92
1298.20,Cam_17,2469,108,29
1298.83,Cam_02,2470,3,71
1299.30,Cam_12,2471,78,42
1299.53,Cam_12,2472,120,111
1301.49,Cam_16,2473,121,140
1303.08,Cam_15,2474,6,11
1303.24,Cam_19,2475,5,67
1304.11,Cam_06,2476,90,148
1304.81,Cam_20,2477,9,22
1305.93,Cam_18,2478,25,58
1306.36,Cam_10,2479,13,143
1307.18,Cam_02,2480,3,97
1307.19,Cam_19,2481,28,70
1307.27,Cam_08,2482,97,14
1308.08,Cam_08,2483,122,39
1309.03,Cam_05,2484,118,24
1309.59,Cam_18,2485,44,73
1310.05,Cam_13,2486,41,107
1310.48,Cam_05,2487,57,66
1313.01,Cam_15,2488,6,87
1313.04,Cam_12,2489,120,111
1313.42,Cam_14,2490,33,150
1315.24,Cam_03,2491,49,5
1316.64,Cam_12,2492,2,32
1317.30,Cam_03,2493,16,80
1321.20,Cam_02,2494,3,8
1321.87,Cam_09,2495,115,10
1322.31,Cam_19,2496,28,82
1324.17,Cam_05,2497,84,113
1324.64,Cam_06,2498,51,146
1325.09,Cam_14,2499,33,57
1326.59,Cam_05,2500,26,114
1327.54,Cam_18,2501,10,124
1328.09,Cam_19,2502,28,37
1329.06,Cam_11,2503,36,139
1331.41,Cam_06,2504,4,109
1332.28,Cam_03,2505,7,125
1332.74,Cam_07,2506,90,65
1332.80,Cam_13,2507,123,27
1332.91,Cam_04,2508,8,119
1333.52,Cam_18,2509,10,98
1333.63,Cam_19,2510,101,134
1334.08,Cam_10,2511,36,110
1336.20,Cam_01,2512,117,77
1337.86,Cam_09,2513,114,35
1341.84,Cam_04,2514,46,90
1344.08,Cam_02,2515,39,5
1344.57,Cam_02,2516,16,80
1344.90,Cam_05,2517,68,93
1345.75,Cam_06,2518,94,105
1347.10,Cam_01,2519,117,77
1347.15,Cam_18,2520,10,37
1347.65,Cam_12,2521,55,139
1350.33,Cam_19,2522,9,132
1352.78,Cam_05,2523,51,117
1353.28,Cam_04,2524,105,141
1353.47,Cam_19,2525,25,63
1353.93,Cam_04,2526,46,131
1355.06,Cam_09,2527,13,110
1355.22,Cam_16,2528,108,87
1356.55,Cam_01,2529,3,21
1357.67,Cam_03,2530,8,125
1358.51,Cam_13,2531,78,64
1359.60,Cam_03,2532,16,30
1359.64,Cam_02,2533,39,6
1359.95,Cam_08,2534,90,14
1359.96,Cam_12,2535,55,107
1360.44,Cam_19,2536,9,124
1361.17,Cam_12,2537,78,111
1361.48,Cam_14,2538,41,69
1362.01,Cam_18,2539,5,82
1362.43,Cam_17,2540,121,140
1365.53,Cam_14,2541,100,9
1366.09,Cam_14,2542,6,137
1366.19,Cam_07,2543,97,51
1366.43,Cam_20,2544,28,121
1367.46,Cam_11,2545,2,32
1368.12,Cam_19,2546,44,132
1368.43,Cam_18,2547,107,48
1369.46,Cam_06,2548,57,146
1369.97,Cam_13,2549,33,139
1369.98,Cam_19,2550,9,22
1370.06,Cam_19,2551,25,92
1370.46,Cam_05,2552,51,105
1371.69,Cam_05,2553,4,113
1371.73,Cam_12,2554,119,49
1371.85,Cam_05,2555,94,119
1373.31,Cam_08,2556,115,10
1373.41,Cam_07,2557,97,14
1375.76,Cam_20,2558,28,124
1376.50,Cam_01,2559,3,71
1377.14,Cam_03,2560,105,141
1379.84,Cam_18,2561,101,58
1381.69,Cam_06,2562,57,105
1382.12,Cam_19,2563,25,44
1383.33,Cam_05,2564,4,109
1386.44,Cam_12,2565,78,111
1386.77,Cam_18,2566,121,140
1387.24,Cam_19,2567,9,22
1387.38,Cam_20,2568,28,121
1389.91,Cam_04,2569,26,90
1391.74,Cam_08,2570,13,110
1392.17,Cam_13,2571,55,150
1392.28,Cam_05,2572,124,93
1392.77,Cam_03,2573,46,50
1392.90,Cam_20,2574,28,70
1393.19,Cam_02,2575,7,21
1393.47,Cam_05,2576,4,66
1394.60,Cam_07,2577,90,146
1395.00,Cam_02,2578,8,71
1396.42,Cam_07,2579,97,148
1398.21,Cam_08,2580,13,101
1399.32,Cam_20,2581,28,92
1402.70,Cam_18,2582,44,63
1403.33,Cam_13,2583,41,49
1404.75,Cam_18,2584,25,44
1406.72,Cam_17,2585,10,29
1406.91,Cam_03,2586,46,30
1407.28,Cam_09,2587,36,143
1407.84,Cam_19,2588,5,134
1409.98,Cam_02,2589,117,77
1410.95,Cam_17,2590,108,87
1411.22,Cam_10,2591,114,35
1411.33,Cam_03,2592,39,80
1411.47,Cam_01,2593,7,97
1412.34,Cam_02,2594,16,8
1412.51,Cam_20,2595,28,92
1413.61,Cam_14,2596,33,57
1414.13,Cam_18,2597,44,82
1414.63,Cam_16,2598,10,11
1416.83,Cam_03,2599,46,50
1417.29,Cam_13,2600,41,137
1418.91,Cam_03,2601,39,131
1420.20,Cam_18,2602,25,73
1422.85,Cam_06,2603,51,146
1428.48,Cam_20,2604,28,121
1428.68,Cam_19,2605,101,92
1428.84,Cam_06,2606,94,114
1430.36,Cam_08,2607,90,101
1431.76,Cam_06,2608,51,51
1432.55,Cam_09,2609,115,10
1434.08,Cam_19,2610,101,70
1435.27,Cam_06,2611,4,109
1437.87,Cam_10,2612,2,143
1440.11,Cam_19,2613,101,37
1440.55,Cam_04,2614,46,117
1442.05,Cam_20,2615,28,121
1442.85,Cam_17,2616,107,48
1443.77,Cam_04,2617,46,80
1444.73,Cam_16,2618,108,29
1445.30,Cam_07,2619,57,148
1451.71,Cam_05,2620,26,51
1452.54,Cam_12,2621,55,137
1452.62,Cam_13,2622,100,9
1452.67,Cam_01,2623,8,6
1453.52,Cam_01,2624,16,97
1454.39,Cam_04,2625,46,30
1454.92,Cam_14,2626,41,64
1458.02,Cam_13,2627,78,139
1458.39,Cam_04,2628,39,119
1459.82,Cam_19,2629,44,73
1459.85,Cam_05,2630,125,93
1463.95,Cam_08,2631,115,10
1466.07,Cam_15,2632,10,29
1467.40,Cam_02,2633,7,125
1469.06,Cam_07,2634,13,110
1469.27,Cam_19,2635,44,132
1469.93,Cam_02,2636,3,50
1472.46,Cam_03,2637,46,117
1472.69,Cam_10,2638,126,35
1472.89,Cam_18,2639,5,44
1473.30,Cam_20,2640,9,37
1476.96,Cam_02,2641,105,141
1478.27,Cam_15,2642,10,69
1478.55,Cam_01,2643,16,8
1479.24,Cam_16,2644,127,11
1482.36,Cam_05,2645,4,113
1484.57,Cam_03,2646,46,50
1485.22,Cam_07,2647,94,109
1486.83,Cam_09,2648,90,101
1487.12,Cam_19,2649,28,140
1490.68,Cam_20,2650,101,70
1492.15,Cam_19,2651,25,124
1492.83,Cam_02,2652,8,71
1493.93,Cam_05,2653,4,80
1496.39,Cam_05,2654,128,113
1496.62,Cam_05,2655,51,105
1498.14,Cam_20,2656,101,92
1498.27,Cam_19,2657,28,121
1498.52,Cam_17,2658,108,58
1499.56,Cam_04,2659,26,131
1500.48,Cam_10,2660,129,35
1500.68,Cam_12,2661,78,150
1502.72,Cam_19,2662,25,134
1504.39,Cam_19,2663,28,63
1505.91,Cam_06,2664,57,80
1505.93,Cam_02,2665,8,6
1507.66,Cam_18,2666,107,48
1509.16,Cam_16,2667,10,87
1509.24,Cam_19,2668,25,37
1510.97,Cam_06,2669,128,113
1512.18,Cam_13,2670,55,64
1512.99,Cam_01,2671,7,8
1513.67,Cam_14,2672,130,29
1519.51,Cam_02,2673,8,97
1519.56,Cam_12,2674,131,49
1520.06,Cam_17,2675,5,44
1520.34,Cam_08,2676,13,101
1521.43,Cam_12,2677,78,137
1522.93,Cam_18,2678,44,58
1523.99,Cam_11,2679,2,150
1525.16,Cam_18,2680,108,82
1528.96,Cam_02,2681,8,6
1529.66,Cam_04,2682,46,105
1530.70,Cam_13,2683,41,139
1531.39,Cam_05,2684,39,51
1533.68,Cam_06,2685,94,80
1535.11,Cam_13,2686,132,9
1535.26,Cam_07,2687,57,101
1538.75,Cam_05,2688,128,113
1539.68,Cam_04,2689,125,93
1548.37,Cam_11,2690,78,143
1550.27,Cam_19,2691,101,124
1551.19,Cam_05,2692,26,119
1553.24,Cam_01,2693,3,97
1553.43,Cam_15,2694,127,87
1554.72,Cam_11,2695,131,49
1556.55,Cam_19,2696,9,121
1557.13,Cam_17,2697,107,48
1557.40,Cam_02,2698,16,6
1557.53,Cam_06,2699,4,80
1559.04,Cam_20,2700,28,132
1566.41,Cam_03,2701,46,30
1566.95,Cam_09,2702,115,10
1568.93,Cam_13,2703,133,139
1570.21,Cam_18,2704,25,63
1570.52,Cam_20,2705,28,73
1573.39,Cam_12,2706,55,143
1575.56,Cam_07,2707,13,110
1577.90,Cam_11,2708,55,137
1578.78,Cam_02,2709,7,97
1579.90,Cam_12,2710,2,150
1580.57,Cam_12,2711,41,49
1583.03,Cam_18,2712,5,37
1586.20,Cam_03,2713,8,71
1589.52,Cam_19,2714,108,92
1591.42,Cam_18,2715,5,124
1591.44,Cam_10,2716,134,35
1592.17,Cam_04,2717,135,93
1594.49,Cam_06,2718,57,101
1598.64,Cam_12,2719,78,137
1598.68,Cam_05,2720,94,131
1599.16,Cam_16,2721,127,11
1600.78,Cam_18,2722,101,134
1600.84,Cam_19,2723,108,58
1601.35,Cam_02,2724,3,50
1604.10,Cam_07,2725,4,110
1604.69,Cam_14,2726,133,64
1604.95,Cam_01,2727,16,6
1609.23,Cam_06,2728,26,131
1613.42,Cam_18,2729,101,92
1614.59,Cam_05,2730,94,51
1616.96,Cam_10,2731,115,10
1620.71,Cam_18,2732,9,63
1622.29,Cam_17,2733,136,48
1623.06,Cam_14,2734,137,29
1625.05,Cam_17,2735,25,82
1628.92,Cam_06,2736,13,51
1633.03,Cam_01,2737,7,97
1635.47,Cam_08,2738,4,110
1636.82,Cam_19,2739,28,58
1637.89,Cam_06,2740,128,113
1643.70,Cam_14,2741,138,87
1643.84,Cam_14,2742,132,9
1646.60,Cam_18,2743,108,121
1646.85,Cam_17,2744,5,63
1649.48,Cam_16,2745,25,11
1653.15,Cam_04,2746,8,30
1654.36,Cam_12,2747,55,150
1656.78,Cam_02,2748,16,71
1661.26,Cam_19,2749,101,73
1663.59,Cam_19,2750,9,124
1664.63,Cam_11,2751,78,143
1667.05,Cam_07,2752,26,110
1670.22,Cam_06,2753,94,119
1671.04,Cam_16,2754,5,82
1672.01,Cam_07,2755,57,51
1676.00,Cam_17,2756,127,63
1678.73,Cam_14,2757,139,139
1678.86,Cam_17,2758,108,37
1683.20,Cam_18,2759,28,92
1684.53,Cam_20,2760,101,73
1687.36,Cam_18,2761,28,134
1687.48,Cam_19,2762,9,58
1689.68,Cam_17,2763,140,48
1702.22,Cam_05,2764,135,93
1704.20,Cam_06,2765,26,101
1706.00,Cam_14,2766,141,29
1706.53,Cam_03,2767,8,50
1716.63,Cam_13,2768,55,87
1716.77,Cam_15,2769,25,64
1720.83,Cam_15,2770,5,11
1721.26,Cam_19,2771,101,73
1721.67,Cam_02,2772,7,97
1722.84,Cam_18,2773,127,124
1727.49,Cam_06,2774,57,51
1728.34,Cam_19,2775,101,92
1730.68,Cam_16,2776,140,48
1731.78,Cam_11,2777,142,143
1731.94,Cam_10,2778,143,10
1732.36,Cam_16,2779,108,11
1741.06,Cam_18,2780,9,121
1743.83,Cam_02,2781,8,50
1753.31,Cam_15,2782,132,9
1754.80,Cam_13,2783,141,29
1756.41,Cam_02,2784,8,71
1757.92,Cam_17,2785,28,37
1760.26,Cam_11,2786,144,143
1760.66,Cam_12,2787,55,150
1767.88,Cam_07,2788,26,119
1771.94,Cam_17,2789,28,82
1775.44,Cam_18,2790,101,134
1778.55,Cam_19,2791,127,124
1787.65,Cam_15,2792,108,139
1797.40,Cam_20,2793,127,58
1802.22,Cam_18,2794,28,37
1807.64,Cam_01,2795,8,50
1810.70,Cam_20,2796,127,58
1818.64,Cam_17,2797,9,134
1820.05,Cam_01,2798,8,50
1826.97,Cam_11,2799,55,143
1828.65,Cam_18,2800,9,92
1828.87,Cam_03,2801,7,97
1829.69,Cam_06,2802,26,51
1830.63,Cam_20,2803,127,124
1832.27,Cam_16,2804,108,11
1837.53,Cam_15,2805,108,139
1842.10,Cam_15,2806,140,48
1847.19,Cam_17,2807,101,134
1848.23,Cam_15,2808,108,139
1850.65,Cam_13,2809,145,150
1852.14,Cam_17,2810,28,11
1858.25,Cam_19,2811,9,37
1865.13,Cam_12,2812,55,29
1881.53,Cam_15,2813,146,48
1887.23,Cam_08,2814,147,119
1896.07,Cam_19,2815,127,124
1896.23,Cam_02,2816,7,50
1900.42,Cam_19,2817,127,58
1905.41,Cam_07,2818,26,51
1907.03,Cam_14,2819,140,48
1908.37,Cam_09,2820,147,119
1910.81,Cam_03,2821,7,97
1926.18,Cam_06,2822,26,51
1928.24,Cam_12,2823,145,150
1934.27,Cam_18,2824,9,134
1937.22,Cam_03,2825,7,50
1950.93,Cam_18,2826,127,11
1970.40,Cam_20,2827,148,58
1980.35,Cam_03,2828,149,50
1980.62,Cam_06,2829,150,51
1984.40,Cam_18,2830,151,134
1989.28,Cam_19,2831,9,58
1993.62,Cam_20,2832,148,124
1998.81,Cam_17,2833,127,134
2023.24,Cam_04,2834,7,97
2041.69,Cam_03,2835,7,97
2056.34,Cam_19,2836,148,124
2086.10,Cam_02,2837,7,50
2175.26,Cam_20,2838,148,124
